ID,SPKID,FULL NAME,NAME,NEO,PHA,MAG,DIAMETER
a0000001,2000001,1 Ceres,Ceres,N,N,3.4,939.4
a0000002,2000002,2 Pallas,Pallas,N,N,4.2,545
a0000003,2000003,3 Juno,Juno,N,N,5.33,246.596
a0000004,2000004,4 Vesta,Vesta,N,N,3,525.4
a0000005,2000005,5 Astraea,Astraea,N,N,6.9,106.699
a0000006,2000006,6 Hebe,Hebe,N,N,5.8,185.18
a0000007,2000007,7 Iris,Iris,N,N,5.6,199.83
a0000008,2000008,8 Flora,Flora,N,N,6.5,147.491
a0000009,2000009,9 Metis,Metis,N,N,6.3,190
a0000010,2000010,10 Hygiea,Hygiea,N,N,5.5,407.12
a0000011,2000011,11 Parthenope,Parthenope,N,N,6.5,142.887
a0000012,2000012,12 Victoria,Victoria,N,N,7.3,115.087
a0000013,2000013,13 Egeria,Egeria,N,N,6.8,202.636
a0000014,2000014,14 Irene,Irene,N,N,6.5,152
a0000015,2000015,15 Eunomia,Eunomia,N,N,5.2,231.689
a0000016,2000016,16 Psyche,Psyche,N,N,5.9,226
a0000017,2000017,17 Thetis,Thetis,N,N,7.7,84.899
a0000018,2000018,18 Melpomene,Melpomene,N,N,6.6,139.594
a0000019,2000019,19 Fortuna,Fortuna,N,N,7.3,200
a0000020,2000020,20 Massalia,Massalia,N,N,6.5,135.68
a0000021,2000021,21 Lutetia,Lutetia,N,N,7.5,95.76
a0000022,2000022,22 Kalliope,Kalliope,N,N,6.5,167.536
a0000023,2000023,23 Thalia,Thalia,N,N,6.95,107.53
a0000024,2000024,24 Themis,Themis,N,N,7.3,198
a0000025,2000025,25 Phocaea,Phocaea,N,N,7.8,61.054
a0000026,2000026,26 Proserpina,Proserpina,N,N,7.5,94.8
a0000027,2000027,27 Euterpe,Euterpe,N,N,7,96
a0000028,2000028,28 Bellona,Bellona,N,N,7.2,120.9
a0000029,2000029,29 Amphitrite,Amphitrite,N,N,5.9,189.559
a0000030,2000030,30 Urania,Urania,N,N,7.5,92.787
a0000031,2000031,31 Euphrosyne,Euphrosyne,N,N,6.8,267.08
a0000032,2000032,32 Pomona,Pomona,N,N,7.6,80.76
a0000033,2000033,33 Polyhymnia,Polyhymnia,N,N,8.5,52.929
a0000034,2000034,34 Circe,Circe,N,N,8.6,132.992
a0000035,2000035,35 Leukothea,Leukothea,N,N,8.6,103.055
a0000036,2000036,36 Atalante,Atalante,N,N,8.5,132.842
a0000037,2000037,37 Fides,Fides,N,N,7.3,108.35
a0000038,2000038,38 Leda,Leda,N,N,8.5,92.255
a0000039,2000039,39 Laetitia,Laetitia,N,N,6.1,179.484
a0000040,2000040,40 Harmonia,Harmonia,N,N,7,111.251
a0000041,2000041,41 Daphne,Daphne,N,N,7.4,205.495
a0000042,2000042,42 Isis,Isis,N,N,7.5,110.997
a0000043,2000043,43 Ariadne,Ariadne,N,N,7.9,71.34
a0000044,2000044,44 Nysa,Nysa,N,N,6.9,70.64
a0000045,2000045,45 Eugenia,Eugenia,N,N,7.5,202.327
a0000046,2000046,46 Hestia,Hestia,N,N,8.5,131.471
a0000047,2000047,47 Aglaja,Aglaja,N,N,8.1,168.174
a0000048,2000048,48 Doris,Doris,N,N,7.1,216.473
a0000049,2000049,49 Pales,Pales,N,N,7.8,166.252
a0000050,2000050,50 Virginia,Virginia,N,N,9.2,84.074
a0000051,2000051,51 Nemausa,Nemausa,N,N,7.6,138.159
a0000052,2000052,52 Europa,Europa,N,N,6.4,303.918
a0000053,2000053,53 Kalypso,Kalypso,N,N,8.9,97.262
a0000054,2000054,54 Alexandra,Alexandra,N,N,7.8,160.12
a0000055,2000055,55 Pandora,Pandora,N,N,7.7,84.794
a0000056,2000056,56 Melete,Melete,N,N,8.5,121.333
a0000057,2000057,57 Mnemosyne,Mnemosyne,N,N,7,112.59
a0000058,2000058,58 Concordia,Concordia,N,N,9,106.517
a0000059,2000059,59 Elpis,Elpis,N,N,8,165.119
a0000060,2000060,60 Echo,Echo,N,N,8.5,43.218
a0000061,2000061,61 Danae,Danae,N,N,7.5,85.937
a0000062,2000062,62 Erato,Erato,N,N,8.7,106.921
a0000063,2000063,63 Ausonia,Ausonia,N,N,7.4,116.044
a0000064,2000064,64 Angelina,Angelina,N,N,8,58.292
a0000065,2000065,65 Cybele,Cybele,N,N,6.8,237.26
a0000066,2000066,66 Maja,Maja,N,N,9.5,71.82
a0000067,2000067,67 Asia,Asia,N,N,8.3,56.309
a0000068,2000068,68 Leto,Leto,N,N,6.9,122.509
a0000069,2000069,69 Hesperia,Hesperia,N,N,7.2,138.13
a0000070,2000070,70 Panopaea,Panopaea,N,N,8.1,127.911
a0000071,2000071,71 Niobe,Niobe,N,N,7.1,83.42
a0000072,2000072,72 Feronia,Feronia,N,N,9.1,74.966
a0000073,2000073,73 Klytia,Klytia,N,N,9,44.59
a0000074,2000074,74 Galatea,Galatea,N,N,8.7,118.71
a0000075,2000075,75 Eurydike,Eurydike,N,N,9,62.377
a0000076,2000076,76 Freia,Freia,N,N,8,145.423
a0000077,2000077,77 Frigga,Frigga,N,N,8.6,61.39
a0000078,2000078,78 Diana,Diana,N,N,8.4,120.6
a0000079,2000079,79 Eurynome,Eurynome,N,N,8,63.479
a0000080,2000080,80 Sappho,Sappho,N,N,8,68.563
a0000081,2000081,81 Terpsichore,Terpsichore,N,N,8.6,117.727
a0000082,2000082,82 Alkmene,Alkmene,N,N,8.2,57.621
a0000083,2000083,83 Beatrix,Beatrix,N,N,8.8,110.503
a0000084,2000084,84 Klio,Klio,N,N,9.4,79.16
a0000085,2000085,85 Io,Io,N,N,7.7,154.79
a0000086,2000086,86 Semele,Semele,N,N,8.7,109.929
a0000087,2000087,87 Sylvia,Sylvia,N,N,6.8,253.051
a0000088,2000088,88 Thisbe,Thisbe,N,N,7.2,232
a0000089,2000089,89 Julia,Julia,N,N,6.8,145.483
a0000090,2000090,90 Antiope,Antiope,N,N,8.1,115.974
a0000091,2000091,91 Aegina,Aegina,N,N,8.9,103.402
a0000092,2000092,92 Undina,Undina,N,N,6.7,126.42
a0000093,2000093,93 Minerva,Minerva,N,N,7.9,154.155
a0000094,2000094,94 Aurora,Aurora,N,N,7.6,204.89
a0000095,2000095,95 Arethusa,Arethusa,N,N,8,147.969
a0000096,2000096,96 Aegle,Aegle,N,N,7.7,177.774
a0000097,2000097,97 Klotho,Klotho,N,N,7.8,100.717
a0000098,2000098,98 Ianthe,Ianthe,N,N,8.9,132.788
a0000099,2000099,99 Dike,Dike,N,N,9.5,67.354
a0000100,2000100,100 Hekate,Hekate,N,N,7.6,85.734
a0000101,2000101,101 Helena,Helena,N,N,8.2,65.84
a0000102,2000102,102 Miriam,Miriam,N,N,9.3,82.595
a0000103,2000103,103 Hera,Hera,N,N,7.6,83.908
a0000104,2000104,104 Klymene,Klymene,N,N,8.4,136.553
a0000105,2000105,105 Artemis,Artemis,N,N,8.7,94.864
a0000106,2000106,106 Dione,Dione,N,N,7.5,207.869
a0000107,2000107,107 Camilla,Camilla,N,N,7.1,210.37
a0000108,2000108,108 Hecuba,Hecuba,N,N,8,75.498
a0000109,2000109,109 Felicitas,Felicitas,N,N,9,82.588
a0000110,2000110,110 Lydia,Lydia,N,N,7.9,86.09
a0000111,2000111,111 Ate,Ate,N,N,8.2,126.344
a0000112,2000112,112 Iphigenia,Iphigenia,N,N,9.8,69.818
a0000113,2000113,113 Amalthea,Amalthea,N,N,8.5,50.137
a0000114,2000114,114 Kassandra,Kassandra,N,N,8.3,94.178
a0000115,2000115,115 Thyra,Thyra,N,N,7.6,79.83
a0000116,2000116,116 Sirona,Sirona,N,N,7.8,71.7
a0000117,2000117,117 Lomia,Lomia,N,N,8,208.974
a0000118,2000118,118 Peitho,Peitho,N,N,8.9,40.211
a0000119,2000119,119 Althaea,Althaea,N,N,8.3,57.3
a0000120,2000120,120 Lachesis,Lachesis,N,N,7.8,155.132
a0000121,2000121,121 Hermione,Hermione,N,N,7.3,209
a0000122,2000122,122 Gerda,Gerda,N,N,7.7,70.676
a0000123,2000123,123 Brunhild,Brunhild,N,N,8.9,45.209
a0000124,2000124,124 Alkeste,Alkeste,N,N,8.1,88.648
a0000125,2000125,125 Liberatrix,Liberatrix,N,N,8.8,48.418
a0000126,2000126,126 Velleda,Velleda,N,N,9.2,44.82
a0000127,2000127,127 Johanna,Johanna,N,N,8.6,122
a0000128,2000128,128 Nemesis,Nemesis,N,N,7.8,162.515
a0000129,2000129,129 Antigone,Antigone,N,N,7.2,113
a0000130,2000130,130 Elektra,Elektra,N,N,7.1,180.652
a0000131,2000131,131 Vala,Vala,N,N,9.9,31.337
a0000132,2000132,132 Aethra,Aethra,N,N,8.9,42.87
a0000133,2000133,133 Cyrene,Cyrene,N,N,7.8,72.175
a0000134,2000134,134 Sophrosyne,Sophrosyne,N,N,9,108
a0000135,2000135,135 Hertha,Hertha,N,N,8.2,79.24
a0000136,2000136,136 Austria,Austria,N,N,9.7,36.893
a0000137,2000137,137 Meliboea,Meliboea,N,N,8.1,128.678
a0000138,2000138,138 Tolosa,Tolosa,N,N,8.8,52.905
a0000139,2000139,139 Juewa,Juewa,N,N,8,151.116
a0000140,2000140,140 Siwa,Siwa,N,N,8.4,109.79
a0000141,2000141,141 Lumen,Lumen,N,N,8.5,117.916
a0000142,2000142,142 Polana,Polana,N,N,10.3,54.812
a0000143,2000143,143 Adria,Adria,N,N,9.1,95.377
a0000144,2000144,144 Vibilia,Vibilia,N,N,8.1,142.38
a0000145,2000145,145 Adeona,Adeona,N,N,8.2,127.783
a0000146,2000146,146 Lucina,Lucina,N,N,8.4,160.31
a0000147,2000147,147 Protogeneia,Protogeneia,N,N,8.7,132.93
a0000148,2000148,148 Gallia,Gallia,N,N,7.6,97.75
a0000149,2000149,149 Medusa,Medusa,N,N,10.5,23.719
a0000150,2000150,150 Nuwa,Nuwa,N,N,8.5,119.128
a0000151,2000151,151 Abundantia,Abundantia,N,N,9.2,39.037
a0000152,2000152,152 Atala,Atala,N,N,8.3,58.964
a0000153,2000153,153 Hilda,Hilda,N,N,7.6,170.63
a0000154,2000154,154 Bertha,Bertha,N,N,7.7,192.611
a0000155,2000155,155 Scylla,Scylla,N,N,11.2,39.605
a0000156,2000156,156 Xanthippe,Xanthippe,N,N,8.7,143.346
a0000157,2000157,157 Dejanira,Dejanira,N,N,11.1,19.959
a0000158,2000158,158 Koronis,Koronis,N,N,9.2,39.025
a0000159,2000159,159 Aemilia,Aemilia,N,N,8.3,125.236
a0000160,2000160,160 Una,Una,N,N,9.1,81.24
a0000161,2000161,161 Athor,Athor,N,N,9.1,40.992
a0000162,2000162,162 Laurentia,Laurentia,N,N,8.9,97.021
a0000163,2000163,163 Erigone,Erigone,N,N,9.7,81.579
a0000164,2000164,164 Eva,Eva,N,N,8.8,100.254
a0000165,2000165,165 Loreley,Loreley,N,N,7.8,180.083
a0000166,2000166,166 Rhodope,Rhodope,N,N,9.9,52.393
a0000167,2000167,167 Urda,Urda,N,N,9.2,39.935
a0000168,2000168,168 Sibylla,Sibylla,N,N,8.1,145.366
a0000169,2000169,169 Zelia,Zelia,N,N,9.5,37.517
a0000170,2000170,170 Maria,Maria,N,N,9.4,33.136
a0000171,2000171,171 Ophelia,Ophelia,N,N,8.6,130.808
a0000172,2000172,172 Baucis,Baucis,N,N,8.7,62.43
a0000173,2000173,173 Ino,Ino,N,N,8,125.821
a0000174,2000174,174 Phaedra,Phaedra,N,N,8.3,64.849
a0000175,2000175,175 Andromache,Andromache,N,N,8.4,94.532
a0000176,2000176,176 Iduna,Iduna,N,N,8.2,106.976
a0000177,2000177,177 Irma,Irma,N,N,9.6,69.049
a0000178,2000178,178 Belisana,Belisana,N,N,9.4,35.81
a0000179,2000179,179 Klytaemnestra,Klytaemnestra,N,N,8.1,69.946
a0000180,2000180,180 Garumna,Garumna,N,N,10.2,23.44
a0000181,2000181,181 Eucharis,Eucharis,N,N,7.9,115.383
a0000182,2000182,182 Elsa,Elsa,N,N,9.1,39.52
a0000183,2000183,183 Istria,Istria,N,N,9.6,32.927
a0000184,2000184,184 Dejopeja,Dejopeja,N,N,8.4,62.483
a0000185,2000185,185 Eunike,Eunike,N,N,7.7,160.464
a0000186,2000186,186 Celuta,Celuta,N,N,9.1,49.99
a0000187,2000187,187 Lamberta,Lamberta,N,N,8.3,147.294
a0000188,2000188,188 Menippe,Menippe,N,N,9.4,35.752
a0000189,2000189,189 Phthia,Phthia,N,N,9.3,38.49
a0000190,2000190,190 Ismene,Ismene,N,N,7.7,159
a0000191,2000191,191 Kolga,Kolga,N,N,9,94.536
a0000192,2000192,192 Nausikaa,Nausikaa,N,N,7.3,98.776
a0000193,2000193,193 Ambrosia,Ambrosia,N,N,9.7,26.302
a0000194,2000194,194 Prokne,Prokne,N,N,7.8,161.667
a0000195,2000195,195 Eurykleia,Eurykleia,N,N,9.2,93.109
a0000196,2000196,196 Philomela,Philomela,N,N,6.5,144.626
a0000197,2000197,197 Arete,Arete,N,N,9.4,31.729
a0000198,2000198,198 Ampella,Ampella,N,N,8.5,54.323
a0000199,2000199,199 Byblis,Byblis,N,N,8.5,76.129
a0000200,2000200,200 Dynamene,Dynamene,N,N,8.3,128.301
a0000201,2000201,201 Penelope,Penelope,N,N,8.3,85.877
a0000202,2000202,202 Chryseis,Chryseis,N,N,7.5,86.15
a0000203,2000203,203 Pompeja,Pompeja,N,N,8.8,124.592
a0000204,2000204,204 Kallisto,Kallisto,N,N,8.9,48.566
a0000205,2000205,205 Martha,Martha,N,N,9.5,76.983
a0000206,2000206,206 Hersilia,Hersilia,N,N,8.7,113
a0000207,2000207,207 Hedda,Hedda,N,N,10.1,57.88
a0000208,2000208,208 Lacrimosa,Lacrimosa,N,N,9.2,40.056
a0000209,2000209,209 Dido,Dido,N,N,8.2,179.008
a0000210,2000210,210 Isabella,Isabella,N,N,9.5,86.65
a0000211,2000211,211 Isolda,Isolda,N,N,8,141.125
a0000212,2000212,212 Medea,Medea,N,N,8.3,136.12
a0000213,2000213,213 Lilaea,Lilaea,N,N,8.9,82.096
a0000214,2000214,214 Aschera,Aschera,N,N,9.3,24.957
a0000215,2000215,215 Oenone,Oenone,N,N,9.5,35.21
a0000216,2000216,216 Kleopatra,Kleopatra,N,N,7.3,122
a0000217,2000217,217 Eudora,Eudora,N,N,9.9,65.392
a0000218,2000218,218 Bianca,Bianca,N,N,8.5,60.62
a0000219,2000219,219 Thusnelda,Thusnelda,N,N,9.2,37.674
a0000220,2000220,220 Stephania,Stephania,N,N,11.2,31.738
a0000221,2000221,221 Eos,Eos,N,N,7.7,95.469
a0000222,2000222,222 Lucia,Lucia,N,N,9.6,55.35
a0000223,2000223,223 Rosa,Rosa,N,N,9.8,79.806
a0000224,2000224,224 Oceana,Oceana,N,N,8.6,58.236
a0000225,2000225,225 Henrietta,Henrietta,N,N,8.8,95.934
a0000226,2000226,226 Weringia,Weringia,N,N,9.8,31.494
a0000227,2000227,227 Philosophia,Philosophia,N,N,9.1,123.891
a0000228,2000228,228 Agathe,Agathe,N,N,12.2,9.3
a0000229,2000229,229 Adelinda,Adelinda,N,N,9.2,105.912
a0000230,2000230,230 Athamantis,Athamantis,N,N,7.3,111.332
a0000231,2000231,231 Vindobona,Vindobona,N,N,9.6,73.545
a0000232,2000232,232 Russia,Russia,N,N,10.4,54.73
a0000233,2000233,233 Asterope,Asterope,N,N,8.3,99.672
a0000234,2000234,234 Barbara,Barbara,N,N,9.1,45.476
a0000235,2000235,235 Carolina,Carolina,N,N,8.9,57.517
a0000236,2000236,236 Honoria,Honoria,N,N,8.1,77.708
a0000237,2000237,237 Coelestina,Coelestina,N,N,9.1,41.08
a0000238,2000238,238 Hypatia,Hypatia,N,N,8.1,155.659
a0000239,2000239,239 Adrastea,Adrastea,N,N,10.4,37.609
a0000240,2000240,240 Vanadis,Vanadis,N,N,9.1,87.928
a0000241,2000241,241 Germania,Germania,N,N,7.8,168.9
a0000242,2000242,242 Kriemhild,Kriemhild,N,N,9.3,40.802
a0000243,2000243,243 Ida,Ida,N,N,9.9,32
a0000244,2000244,244 Sita,Sita,N,N,11.9,11.077
a0000245,2000245,245 Vera,Vera,N,N,7.8,75.949
a0000246,2000246,246 Asporina,Asporina,N,N,8.4,50.891
a0000247,2000247,247 Eukrate,Eukrate,N,N,8.2,130.935
a0000248,2000248,248 Lameia,Lameia,N,N,10.3,50.12
a0000249,2000249,249 Ilse,Ilse,N,N,11.3,34.83
a0000250,2000250,250 Bettina,Bettina,N,N,7.4,120.995
a0000251,2000251,251 Sophia,Sophia,N,N,9.9,27.495
a0000252,2000252,252 Clementina,Clementina,N,N,9.7,65.344
a0000253,2000253,253 Mathilde,Mathilde,N,N,10.3,52.8
a0000254,2000254,254 Augusta,Augusta,N,N,11.7,12.467
a0000255,2000255,255 Oppavia,Oppavia,N,N,10.3,56.939
a0000256,2000256,256 Walpurga,Walpurga,N,N,9.9,66.634
a0000257,2000257,257 Silesia,Silesia,N,N,9.4,72.66
a0000258,2000258,258 Tyche,Tyche,N,N,8.3,64.78
a0000259,2000259,259 Aletheia,Aletheia,N,N,7.8,174.318
a0000260,2000260,260 Huberta,Huberta,N,N,9.1,101.539
a0000261,2000261,261 Prymno,Prymno,N,N,9.44,50.011
a0000262,2000262,262 Valda,Valda,N,N,11.3,14.645
a0000263,2000263,263 Dresda,Dresda,N,N,10.2,23.952
a0000264,2000264,264 Libussa,Libussa,N,N,8.3,62.969
a0000265,2000265,265 Anna,Anna,N,N,11.9,22.767
a0000266,2000266,266 Aline,Aline,N,N,8.7,109.494
a0000267,2000267,267 Tirza,Tirza,N,N,10.2,55.998
a0000268,2000268,268 Adorea,Adorea,N,N,8.4,144.585
a0000269,2000269,269 Justitia,Justitia,N,N,9.7,50.728
a0000270,2000270,270 Anahita,Anahita,N,N,8.8,51.4
a0000271,2000271,271 Penthesilea,Penthesilea,N,N,9.9,65.901
a0000272,2000272,272 Antonia,Antonia,N,N,10.6,26.87
a0000273,2000273,273 Atropos,Atropos,N,N,10.5,29.768
a0000274,2000274,274 Philagoria,Philagoria,N,N,10,27.307
a0000275,2000275,275 Sapientia,Sapientia,N,N,8.9,103
a0000276,2000276,276 Adelheid,Adelheid,N,N,8.7,114.723
a0000277,2000277,277 Elvira,Elvira,N,N,9.9,30.422
a0000278,2000278,278 Paulina,Paulina,N,N,9.4,32.773
a0000279,2000279,279 Thule,Thule,N,N,8.5,126.59
a0000280,2000280,280 Philia,Philia,N,N,11,45.69
a0000281,2000281,281 Lucretia,Lucretia,N,N,12,11.036
a0000282,2000282,282 Clorinde,Clorinde,N,N,11,39.03
a0000283,2000283,283 Emma,Emma,N,N,8.6,132.385
a0000284,2000284,284 Amalia,Amalia,N,N,10.1,52.95
a0000285,2000285,285 Regina,Regina,N,N,10.7,47.156
a0000286,2000286,286 Iclea,Iclea,N,N,9,94.3
a0000287,2000287,287 Nephthys,Nephthys,N,N,8.2,59.615
a0000288,2000288,288 Glauke,Glauke,N,N,9.8,28.981
a0000289,2000289,289 Nenetta,Nenetta,N,N,9.5,37.586
a0000290,2000290,290 Bruna,Bruna,N,N,12,9.822
a0000291,2000291,291 Alice,Alice,N,N,11.5,10.456
a0000292,2000292,292 Ludovica,Ludovica,N,N,9.9,30.864
a0000293,2000293,293 Brasilia,Brasilia,N,N,10.2,57.486
a0000294,2000294,294 Felicia,Felicia,N,N,10.1,51.865
a0000295,2000295,295 Theresia,Theresia,N,N,10,28.34
a0000296,2000296,296 Phaetusa,Phaetusa,N,N,12.6,8.196
a0000297,2000297,297 Caecilia,Caecilia,N,N,9.1,39.48
a0000298,2000298,298 Baptistina,Baptistina,N,N,11.2,21.135
a0000299,2000299,299 Thora,Thora,N,N,11.3,15.757
a0000300,2000300,300 Geraldina,Geraldina,N,N,9.8,67.373
a0000301,2000301,301 Bavaria,Bavaria,N,N,10.3,53.042
a0000302,2000302,302 Clarissa,Clarissa,N,N,11.1,38.53
a0000303,2000303,303 Josephina,Josephina,N,N,8.9,124.923
a0000304,2000304,304 Olga,Olga,N,N,9.9,65.99
a0000305,2000305,305 Gordonia,Gordonia,N,N,8.8,47.739
a0000306,2000306,306 Unitas,Unitas,N,N,8.8,47.2
a0000307,2000307,307 Nike,Nike,N,N,10.1,61.313
a0000308,2000308,308 Polyxo,Polyxo,N,N,8.1,128.578
a0000309,2000309,309 Fraternitas,Fraternitas,N,N,10.6,41.075
a0000310,2000310,310 Margarita,Margarita,N,N,10.1,33.708
a0000311,2000311,311 Claudia,Claudia,N,N,10,26.3
a0000312,2000312,312 Pierretta,Pierretta,N,N,8.8,46.191
a0000313,2000313,313 Chaldaea,Chaldaea,N,N,9,71.183
a0000314,2000314,314 Rosalia,Rosalia,N,N,9.9,60.689
a0000315,2000315,315 Constantia,Constantia,N,N,12.5,6.534
a0000316,2000316,316 Goberta,Goberta,N,N,10.1,56.067
a0000317,2000317,317 Roxane,Roxane,N,N,9.8,18.648
a0000318,2000318,318 Magdalena,Magdalena,N,N,9.4,85
a0000319,2000319,319 Leona,Leona,N,N,10.2,49.943
a0000320,2000320,320 Katharina,Katharina,N,N,10.8,23.362
a0000321,2000321,321 Florentina,Florentina,N,N,10.1,27.974
a0000322,2000322,322 Phaeo,Phaeo,N,N,9.1,69.855
a0000323,2000323,323 Brucia,Brucia,N,N,9.5,27.714
a0000324,2000324,324 Bamberga,Bamberga,N,N,7,220.691
a0000325,2000325,325 Heidelberga,Heidelberga,N,N,8.7,75.72
a0000326,2000326,326 Tamara,Tamara,N,N,9.4,93
a0000327,2000327,327 Columbia,Columbia,N,N,10,30.291
a0000328,2000328,328 Gudrun,Gudrun,N,N,8.8,145.68
a0000329,2000329,329 Svea,Svea,N,N,9.6,81.057
a0000330,2000330,330 Adalberta (A910 CB),Adalberta,N,N,12.4,9.111
a0000331,2000331,331 Etheridgea,Etheridgea,N,N,9.7,74.92
a0000332,2000332,332 Siri,Siri,N,N,9.7,40.37
a0000333,2000333,333 Badenia (1892 A),Badenia,N,N,9.4,72.199
a0000334,2000334,334 Chicago (1892 L),Chicago,N,N,7.7,198.77
a0000335,2000335,335 Roberta (1892 C),Roberta,N,N,9.1,97.109
a0000336,2000336,336 Lacadiera (1892 D),Lacadiera,N,N,9.8,63.356
a0000337,2000337,337 Devosa (1892 E),Devosa,N,N,8.8,64.549
a0000338,2000338,338 Budrosa (1892 F),Budrosa,N,N,8.5,50.506
a0000339,2000339,339 Dorothea (1892 G),Dorothea,N,N,9.4,44.329
a0000340,2000340,340 Eduarda (1892 H),Eduarda,N,N,9.9,28.025
a0000341,2000341,341 California (1892 J),California,N,N,11.3,15.83
a0000342,2000342,342 Endymion (1892 K),Endymion,N,N,10.3,64.266
a0000343,2000343,343 Ostara (1892 N),Ostara,N,N,11.7,18.213
a0000344,2000344,344 Desiderata (1892 M),Desiderata,N,N,8.3,124.181
a0000345,2000345,345 Tercidina (1892 O),Tercidina,N,N,8.9,90.243
a0000346,2000346,346 Hermentaria (1892 P),Hermentaria,N,N,7.3,86.447
a0000347,2000347,347 Pariana (1892 Q),Pariana,N,N,9,48.615
a0000348,2000348,348 May (1892 R),May,N,N,9.4,82.82
a0000349,2000349,349 Dembowska (1892 T),Dembowska,N,N,5.9,139.77
a0000350,2000350,350 Ornamenta (1892 U),Ornamenta,N,N,8.5,128.729
a0000351,2000351,351 Yrsa (1892 V),Yrsa,N,N,9,39.72
a0000352,2000352,352 Gisela (1893 B),Gisela,N,N,10.1,26.744
a0000353,2000353,353 Ruperto-Carola (1893 F),Ruperto-Carola,N,N,10.9,14.025
a0000354,2000354,354 Eleonora (1893 A),Eleonora,N,N,6.44,148.97
a0000355,2000355,355 Gabriella (1893 E),Gabriella,N,N,10.2,24.04
a0000356,2000356,356 Liguria (1893 G),Liguria,N,N,8.3,145.503
a0000357,2000357,357 Ninina (1893 J),Ninina,N,N,8.8,124.107
a0000358,2000358,358 Apollonia (1893 K),Apollonia,N,N,9.2,90.116
a0000359,2000359,359 Georgia (1893 M),Georgia,N,N,9.3,43.89
a0000360,2000360,360 Carlova (1893 N),Carlova,N,N,8.5,129.125
a0000361,2000361,361 Bononia (1893 P),Bononia,N,N,8.4,154.334
a0000362,2000362,362 Havnia (1893 R),Havnia,N,N,9.1,98
a0000363,2000363,363 Padua (1893 S),Padua,N,N,9.1,97
a0000364,2000364,364 Isara (1893 T),Isara,N,N,9.9,25.901
a0000365,2000365,365 Corduba (1893 V),Corduba,N,N,9.3,86.773
a0000366,2000366,366 Vincentina (1893 W),Vincentina,N,N,8.7,86.368
a0000367,2000367,367 Amicitia (1893 AA),Amicitia,N,N,10.7,21.243
a0000368,2000368,368 Haidea (1893 AB),Haidea,N,N,9.9,69.277
a0000369,2000369,369 Aeria (1893 AE),Aeria,N,N,8.6,73.767
a0000370,2000370,370 Modestia (1893 AC),Modestia,N,N,10.7,38.093
a0000371,2000371,371 Bohemia (1893 AD),Bohemia,N,N,8.7,52.976
a0000372,2000372,372 Palma (1893 AH),Palma,N,N,7.5,173.642
a0000373,2000373,373 Melusina (1893 AJ),Melusina,N,N,9.1,98.695
a0000374,2000374,374 Burgundia (1893 AK),Burgundia,N,N,8.8,44.67
a0000375,2000375,375 Ursula (1893 AL),Ursula,N,N,7.4,216
a0000376,2000376,376 Geometria (1893 AM),Geometria,N,N,9.5,35.465
a0000377,2000377,377 Campania (1893 AN),Campania,N,N,9,90.346
a0000378,2000378,378 Holmia (1893 AP),Holmia,N,N,9.8,27.831
a0000379,2000379,379 Huenna (1894 AQ),Huenna,N,N,8.9,84.787
a0000380,2000380,380 Fiducia (1894 AR),Fiducia,N,N,9.5,67.508
a0000381,2000381,381 Myrrha (1894 AS),Myrrha,N,N,8.4,127.639
a0000382,2000382,382 Dodona (1894 AT),Dodona,N,N,8.8,65.209
a0000383,2000383,383 Janina (1894 AU),Janina,N,N,9.9,43.482
a0000384,2000384,384 Burdigala (1894 AV),Burdigala,N,N,9.5,34.435
a0000385,2000385,385 Ilmatar (1894 AX),Ilmatar,N,N,7.6,85.837
a0000386,2000386,386 Siegena (1894 AY),Siegena,N,N,7.7,165.01
a0000387,2000387,387 Aquitania (1894 AZ),Aquitania,N,N,7.6,100.51
a0000388,2000388,388 Charybdis (1894 BA),Charybdis,N,N,8.6,125.754
a0000389,2000389,389 Industria (1894 BB),Industria,N,N,7.8,74.378
a0000390,2000390,390 Alma (1894 BC),Alma,N,N,10.1,25.688
a0000391,2000391,391 Ingeborg (1894 BE),Ingeborg,N,N,10.8,15.751
a0000392,2000392,392 Wilhelmina (1894 BF),Wilhelmina,N,N,9.8,60.75
a0000393,2000393,393 Lampetia (1894 BG),Lampetia,N,N,8.4,116.191
a0000394,2000394,394 Arduina (1894 BH),Arduina,N,N,9.7,29.97
a0000395,2000395,395 Delia (1894 BK),Delia,N,N,10.4,44.189
a0000396,2000396,396 Aeolia (1894 BL),Aeolia,N,N,10.1,39.242
a0000397,2000397,397 Vienna (1894 BM),Vienna,N,N,9.4,49.032
a0000398,2000398,398 Admete (1894 BN),Admete,N,N,10.4,49.771
a0000399,2000399,399 Persephone (1895 BP),Persephone,N,N,9,39.566
a0000400,2000400,400 Ducrosa (1895 BU),Ducrosa,N,N,10.5,36.001
a0000401,2000401,401 Ottilia (1895 BT),Ottilia,N,N,9.2,87.803
a0000402,2000402,402 Chloe (1895 BW),Chloe,N,N,9,55.421
a0000403,2000403,403 Cyane (1895 BX),Cyane,N,N,8.9,53.574
a0000404,2000404,404 Arsinoe (1895 BY),Arsinoe,N,N,9.2,94.97
a0000405,2000405,405 Thia (1895 BZ),Thia,N,N,8.6,108.894
a0000406,2000406,406 Erna (1895 CB),Erna,N,N,10.3,46.266
a0000407,2000407,407 Arachne (1895 CC),Arachne,N,N,9.1,95.07
a0000408,2000408,408 Fama (1895 CD),Fama,N,N,9.3,35.62
a0000409,2000409,409 Aspasia (1895 CE),Aspasia,N,N,7.6,171.012
a0000410,2000410,410 Chloris (1896 CH),Chloris,N,N,8.3,118.929
a0000411,2000411,411 Xanthe (1896 CJ),Xanthe,N,N,9.3,76.53
a0000412,2000412,412 Elisabetha (1896 CK),Elisabetha,N,N,9.2,96.056
a0000413,2000413,413 Edburga (1896 CL),Edburga,N,N,9.9,34.242
a0000414,2000414,414 Liriope (1896 CN),Liriope,N,N,9.6,88.76
a0000415,2000415,415 Palatia (1896 CO),Palatia,N,N,9.4,83.56
a0000416,2000416,416 Vaticana (1896 CS),Vaticana,N,N,7.7,85.47
a0000417,2000417,417 Suevia (1896 CT),Suevia,N,N,9.5,54.874
a0000418,2000418,418 Alemannia (1896 CV),Alemannia,N,N,9.8,40.33
a0000419,2000419,419 Aurelia (1896 CW),Aurelia,N,N,8.6,148.701
a0000420,2000420,420 Bertholda (1896 CY),Bertholda,N,N,8.4,138.699
a0000421,2000421,421 Zahringia (1896 CZ),Zahringia,N,N,11.6,14.119
a0000422,2000422,422 Berolina (1896 DA),Berolina,N,N,10.6,10.714
a0000423,2000423,423 Diotima (1896 DB),Diotima,N,N,7.3,175.859
a0000424,2000424,424 Gratia (1896 DF),Gratia,N,N,9.5,102.565
a0000425,2000425,425 Cornelia (1896 DC),Cornelia,N,N,9.8,67.925
a0000426,2000426,426 Hippo (1897 DH),Hippo,N,N,8.6,137.562
a0000427,2000427,427 Galene (1897 DJ),Galene,N,N,10.1,32.193
a0000428,2000428,428 Monachia (1897 DK),Monachia,N,N,11.9,20.184
a0000429,2000429,429 Lotis (1897 DL),Lotis,N,N,10,69.62
a0000430,2000430,430 Hybris (1897 DM),Hybris,N,N,11.1,31.702
a0000431,2000431,431 Nephele (1897 DN),Nephele,N,N,8.9,101.9
a0000432,2000432,432 Pythia (1897 DO),Pythia,N,N,8.9,46.9
a0000433,2000433,433 Eros (1898 DQ),Eros,Y,N,10.4,16.84
a0000434,2000434,434 Hungaria (1898 DR),Hungaria,N,N,11.2,8.934
a0000435,2000435,435 Ella (1898 DS),Ella,N,N,10.4,34.792
a0000436,2000436,436 Patricia (1898 DT),Patricia,N,N,10,58.609
a0000437,2000437,437 Rhodia (1898 DP),Rhodia,N,N,10.4,13.373
a0000438,2000438,438 Zeuxo (1898 DU),Zeuxo,N,N,10,58.871
a0000439,2000439,439 Ohio (1898 EB),Ohio,N,N,9.8,70.421
a0000440,2000440,440 Theodora (1898 EC),Theodora,N,N,11.5,13.6
a0000441,2000441,441 Bathilde (1898 ED),Bathilde,N,N,8.5,65.131
a0000442,2000442,442 Eichsfeldia (1899 EE),Eichsfeldia,N,N,10,62.171
a0000443,2000443,443 Photographica (1899 EF),Photographica,N,N,10.1,25.504
a0000444,2000444,444 Gyptis (1899 EL),Gyptis,N,N,8.1,159.331
a0000445,2000445,445 Edna (1899 EX),Edna,N,N,9.2,87.812
a0000446,2000446,446 Aeternitas (1899 ER),Aeternitas,N,N,8.7,53.562
a0000447,2000447,447 Valentine (1899 ES),Valentine,N,N,9.1,85.224
a0000448,2000448,448 Natalie (1899 ET),Natalie,N,N,10.2,50.534
a0000449,2000449,449 Hamburga (1899 EU),Hamburga,N,N,9.9,85.59
a0000450,2000450,450 Brigitta (1899 EV),Brigitta,N,N,10.2,37.038
a0000451,2000451,451 Patientia (1899 EY),Patientia,N,N,6.7,253.9
a0000452,2000452,452 Hamiltonia (1899 FD),Hamiltonia,N,N,11.8,11.563
a0000453,2000453,453 Tea (1900 FA),Tea,N,N,10.5,23.985
a0000454,2000454,454 Mathesis (1900 FC),Mathesis,N,N,9.3,81.743
a0000455,2000455,455 Bruchsalia (1900 FG),Bruchsalia,N,N,8.9,88.792
a0000456,2000456,456 Abnoba (1900 FH),Abnoba,N,N,9.2,37.713
a0000457,2000457,457 Alleghenia (1900 FJ),Alleghenia,N,N,11.1,18.739
a0000458,2000458,458 Hercynia (1900 FK),Hercynia,N,N,9.6,36.698
a0000459,2000459,459 Signe (1900 FM),Signe,N,N,10.3,25.784
a0000460,2000460,460 Scania (1900 FN),Scania,N,N,10.8,19.689
a0000461,2000461,461 Saskia (1900 FP),Saskia,N,N,10.5,43.603
a0000462,2000462,462 Eriphyla (1900 FQ),Eriphyla,N,N,9.4,34.274
a0000463,2000463,463 Lola (1900 FS),Lola,N,N,11.7,20.908
a0000464,2000464,464 Megaira (1901 FV),Megaira,N,N,9.7,77.056
a0000465,2000465,465 Alekto (1901 FW),Alekto,N,N,9.8,73.34
a0000466,2000466,466 Tisiphone (1901 FX),Tisiphone,N,N,8.5,95.495
a0000467,2000467,467 Laura (1901 FY),Laura,N,N,10.8,39.471
a0000468,2000468,468 Lina (1901 FZ),Lina,N,N,9.7,60.238
a0000469,2000469,469 Argentina (1901 GE),Argentina,N,N,8.7,133.718
a0000470,2000470,470 Kilia (1901 GJ),Kilia,N,N,10,27.75
a0000471,2000471,471 Papagena (1901 GN),Papagena,N,N,6.6,148.128
a0000472,2000472,472 Roma (1901 GP),Roma,N,N,8.9,50.278
a0000473,2000473,473 Nolli (1901 GC),Nolli,N,N,11.7,12.394
a0000474,2000474,474 Prudentia (1901 GD),Prudentia,N,N,10.9,40.972
a0000475,2000475,475 Ocllo (1901 HN),Ocllo,N,N,11.5,17.83
a0000476,2000476,476 Hedwig (1901 GQ),Hedwig,N,N,8.6,138.493
a0000477,2000477,477 Italia (1901 GR),Italia,N,N,10.3,22.988
a0000478,2000478,478 Tergeste (1901 GU),Tergeste,N,N,8,80.738
a0000479,2000479,479 Caprera (1901 HJ),Caprera,N,N,9.8,60.088
a0000480,2000480,480 Hansa (1901 GL),Hansa,N,N,8.3,56.22
a0000481,2000481,481 Emita (1902 HP),Emita,N,N,8.9,101.829
a0000482,2000482,482 Petrina (1902 HT),Petrina,N,N,8.9,45.751
a0000483,2000483,483 Seppina (1902 HU),Seppina,N,N,8.3,66.858
a0000484,2000484,484 Pittsburghia (1902 HX),Pittsburghia,N,N,9.8,30.06
a0000485,2000485,485 Genua (1902 HZ),Genua,N,N,8.3,63.88
a0000486,2000486,486 Cremona (1902 JB),Cremona,N,N,11.1,22.781
a0000487,2000487,487 Venetia (1902 JL),Venetia,N,N,8.3,59.046
a0000488,2000488,488 Kreusa (1902 JG),Kreusa,N,N,8,168.117
a0000489,2000489,489 Comacina (1902 JM),Comacina,N,N,8.4,139.39
a0000490,2000490,490 Veritas (1902 JP),Veritas,N,N,8.6,118.803
a0000491,2000491,491 Carina (1902 JQ),Carina,N,N,9.1,91.176
a0000492,2000492,492 Gismonda (1902 JR),Gismonda,N,N,10,53.418
a0000493,2000493,493 Griseldis (1902 JS),Griseldis,N,N,10.8,41.55
a0000494,2000494,494 Virtus (1902 JV),Virtus,N,N,9.1,100.786
a0000495,2000495,495 Eulalia (1902 KG),Eulalia,N,N,11,37.287
a0000496,2000496,496 Gryphia (1902 KH),Gryphia,N,N,11.8,14.403
a0000497,2000497,497 Iva (1902 KJ),Iva,N,N,9.9,40.932
a0000498,2000498,498 Tokio (1902 KU),Tokio,N,N,8.9,81.83
a0000499,2000499,499 Venusia (1902 KX),Venusia,N,N,9.5,77.328
a0000500,2000500,500 Selinur (1903 LA),Selinur,N,N,9.3,40.828
a0000501,2000501,501 Urhixidur (1903 LB),Urhixidur,N,N,9.4,74.457
a0000502,2000502,502 Sigune (1903 LC),Sigune,N,N,10.8,15.805
a0000503,2000503,503 Evelyn (1903 LF),Evelyn,N,N,9.3,81.68
a0000504,2000504,504 Cora (1902 LK),Cora,N,N,10,30.438
a0000505,2000505,505 Cava (1902 LL),Cava,N,N,8.6,115
a0000506,2000506,506 Marion (1903 LN),Marion,N,N,8.9,105.94
a0000507,2000507,507 Laodica (1903 LO),Laodica,N,N,9.2,45.17
a0000508,2000508,508 Princetonia (1903 LQ),Princetonia,N,N,8.4,117.241
a0000509,2000509,509 Iolanda (1903 LR),Iolanda,N,N,8.4,51.892
a0000510,2000510,510 Mabella (1903 LT),Mabella,N,N,9.8,60.45
a0000511,2000511,511 Davida (1903 LU),Davida,N,N,6.3,270.327
a0000512,2000512,512 Taurinensis (1903 LV),Taurinensis,N,N,10.8,23.09
a0000513,2000513,513 Centesima (1903 LY),Centesima,N,N,9.5,48.805
a0000514,2000514,514 Armida (1903 MB),Armida,N,N,9.2,120.093
a0000515,2000515,515 Athalia (1903 ME),Athalia,N,N,10.8,41.19
a0000516,2000516,516 Amherstia (1903 MG),Amherstia,N,N,8.2,65.144
a0000517,2000517,517 Edith (1903 MH),Edith,N,N,9.5,111.89
a0000518,2000518,518 Halawe (1903 MO),Halawe,N,N,11,16.157
a0000519,2000519,519 Sylvania (1903 MP),Sylvania,N,N,9,40.078
a0000520,2000520,520 Franziska (1903 MV),Franziska,N,N,10.6,25.261
a0000521,2000521,521 Brixia (1904 NB),Brixia,N,N,8.5,107.227
a0000522,2000522,522 Helga (1904 NC),Helga,N,N,9,101.22
a0000523,2000523,523 Ada (1904 ND),Ada,N,N,9.9,31.89
a0000524,2000524,524 Fidelio (1904 NN),Fidelio,N,N,9.9,65.527
a0000525,2000525,525 Adelaide (1908 EKa),Adelaide,N,N,12.1,9.326
a0000526,2000526,526 Jena (1904 NQ),Jena,N,N,10.1,44.84
a0000527,2000527,527 Euryanthe (1904 NR),Euryanthe,N,N,10.4,52.627
a0000528,2000528,528 Rezia (1904 NS),Rezia,N,N,9,91.966
a0000529,2000529,529 Preziosa (1904 NT),Preziosa,N,N,10,32.01
a0000530,2000530,530 Turandot (1904 NV),Turandot,N,N,9.3,84.85
a0000531,2000531,531 Zerlina (1904 NW),Zerlina,N,N,12,17.804
a0000532,2000532,532 Herculina (1904 NY),Herculina,N,N,5.9,167.791
a0000533,2000533,533 Sara (1904 NZ),Sara,N,N,9.7,30.819
a0000534,2000534,534 Nassovia (1904 OA),Nassovia,N,N,9.7,32.333
a0000535,2000535,535 Montague (1904 OC),Montague,N,N,9.4,79.299
a0000536,2000536,536 Merapi (1904 OF),Merapi,N,N,8.2,147.066
a0000537,2000537,537 Pauly (1904 OG),Pauly,N,N,8.7,40.732
a0000538,2000538,538 Friederike (1904 OK),Friederike,N,N,9.6,70.64
a0000539,2000539,539 Pamina (1904 OL),Pamina,N,N,10,68.356
a0000540,2000540,540 Rosamunde (1904 ON),Rosamunde,N,N,10.7,19.152
a0000541,2000541,541 Deborah (1904 OO),Deborah,N,N,10.1,60.147
a0000542,2000542,542 Susanna (1904 OQ),Susanna,N,N,9.4,42.117
a0000543,2000543,543 Charlotte (1904 OT),Charlotte,N,N,9.5,45.613
a0000544,2000544,544 Jetta (1904 OU),Jetta,N,N,10,27.169
a0000545,2000545,545 Messalina (1904 OY),Messalina,N,N,8.8,112.631
a0000546,2000546,546 Herodias (1904 PA),Herodias,N,N,9.9,65.945
a0000547,2000547,547 Praxedis (1904 PB),Praxedis,N,N,9.8,52.462
a0000548,2000548,548 Kressida (1904 PC),Kressida,N,N,11.3,14.008
a0000549,2000549,549 Jessonda (1904 PK),Jessonda,N,N,10.9,15.53
a0000550,2000550,550 Senta (1904 PL),Senta,N,N,9.3,37.434
a0000551,2000551,551 Ortrud (1904 PM),Ortrud,N,N,9.7,81.113
a0000552,2000552,552 Sigelinde (1904 PO),Sigelinde,N,N,9.6,88.697
a0000553,2000553,553 Kundry (1904 PP),Kundry,N,N,12.2,9.01
a0000554,2000554,554 Peraga (1905 PS),Peraga,N,N,9.1,95.87
a0000555,2000555,555 Norma (1905 PT),Norma,N,N,10.8,31.04
a0000556,2000556,556 Phyllis (1905 PW),Phyllis,N,N,9.5,36.279
a0000557,2000557,557 Violetta (1905 PY),Violetta,N,N,12.1,22.621
a0000558,2000558,558 Carmen (1905 QB),Carmen,N,N,9.1,54.811
a0000559,2000559,559 Nanon (1905 QD),Nanon,N,N,9.5,79.82
a0000560,2000560,560 Delila (1905 QF),Delila,N,N,11.1,35.334
a0000561,2000561,561 Ingwelde (1905 QG),Ingwelde,N,N,11.2,31.562
a0000562,2000562,562 Salome (1905 QH),Salome,N,N,10,32.651
a0000563,2000563,563 Suleika (1905 QK),Suleika,N,N,8.4,53.29
a0000564,2000564,564 Dudu (1905 QM),Dudu,N,N,10.3,52.01
a0000565,2000565,565 Marbachia (1905 QN),Marbachia,N,N,10.9,27.332
a0000566,2000566,566 Stereoskopia (1905 QO),Stereoskopia,N,N,8.1,167.381
a0000567,2000567,567 Eleutheria (1905 QP),Eleutheria,N,N,9.2,93.41
a0000568,2000568,568 Cheruskia (1905 QS),Cheruskia,N,N,9.6,71.224
a0000569,2000569,569 Misa (1905 QT),Misa,N,N,10.2,72.95
a0000570,2000570,570 Kythera (1905 QX),Kythera,N,N,8.7,87.486
a0000571,2000571,571 Dulcinea (1905 QZ),Dulcinea,N,N,11.7,11.696
a0000572,2000572,572 Rebekka (1905 RB),Rebekka,N,N,10.8,28.903
a0000573,2000573,573 Recha (1905 RC),Recha,N,N,9.4,47.582
a0000574,2000574,574 Reginhild (1905 RD),Reginhild,N,N,12.3,8.456
a0000575,2000575,575 Renate (1905 RE),Renate,N,N,10.8,19.106
a0000576,2000576,576 Emanuela (1905 RF),Emanuela,N,N,9.3,74.378
a0000577,2000577,577 Rhea (1905 RH),Rhea,N,N,9.4,38.234
a0000578,2000578,578 Happelia (1905 RZ),Happelia,N,N,9.4,69.29
a0000579,2000579,579 Sidonia (1905 SD),Sidonia,N,N,7.9,85.57
a0000580,2000580,580 Selene (1905 SE),Selene,N,N,10.2,48.204
a0000581,2000581,581 Tauntonia (1905 SH),Tauntonia,N,N,9.8,61.481
a0000582,2000582,582 Olympia (1906 SO),Olympia,N,N,9,44.347
a0000583,2000583,583 Klotilde (1905 SP),Klotilde,N,N,9.2,78.236
a0000584,2000584,584 Semiramis (1906 SY),Semiramis,N,N,8.5,54.01
a0000585,2000585,585 Bilkis (1906 TA),Bilkis,N,N,10.5,49.761
a0000586,2000586,586 Thekla (1906 TC),Thekla,N,N,9.4,95.203
a0000587,2000587,587 Hypsipyle (1906 TF),Hypsipyle,N,N,11.9,11.022
a0000588,2000588,588 Achilles (1906 TG),Achilles,N,N,8.3,130.099
a0000589,2000589,589 Croatia (1906 TM),Croatia,N,N,9.1,93.617
a0000590,2000590,590 Tomyris (1906 TO),Tomyris,N,N,10,30.577
a0000591,2000591,591 Irmgard (1906 TP),Irmgard,N,N,10.7,51.86
a0000592,2000592,592 Bathseba (1906 TS),Bathseba,N,N,9.6,43.787
a0000593,2000593,593 Titania (1906 TT),Titania,N,N,9.4,70.145
a0000594,2000594,594 Mireille (1906 TW),Mireille,N,N,12.1,9.23
a0000595,2000595,595 Polyxena (1906 TZ),Polyxena,N,N,7.9,90.647
a0000596,2000596,596 Scheila (1906 UA),Scheila,N,N,8.9,159.726
a0000597,2000597,597 Bandusia (1906 UB),Bandusia,N,N,9.2,36.06
a0000598,2000598,598 Octavia (1906 UC),Octavia,N,N,9.7,78.237
a0000599,2000599,599 Luisa (1906 UJ),Luisa,N,N,8.7,70.249
a0000600,2000600,600 Musa (1906 UM),Musa,N,N,10.1,25.115
a0000601,2000601,601 Nerthus (1906 UN),Nerthus,N,N,9.7,75.535
a0000602,2000602,602 Marianna (1906 TE),Marianna,N,N,8.5,110.444
a0000603,2000603,603 Timandra (1906 TJ),Timandra,N,N,11.9,13.73
a0000604,2000604,604 Tekmessa (1906 TK),Tekmessa,N,N,9.5,64.536
a0000605,2000605,605 Juvisia (1906 UU),Juvisia,N,N,10,69.86
a0000606,2000606,606 Brangane (1906 VB),Brangane,N,N,10.3,35.758
a0000607,2000607,607 Jenny (1906 VC),Jenny,N,N,10,67.52
a0000608,2000608,608 Adolfine (1906 VD),Adolfine,N,N,10.9,20.365
a0000609,2000609,609 Fulvia (1906 VF),Fulvia,N,N,10.2,54.17
a0000610,2000610,610 Valeska (1906 VK),Valeska,N,N,12.3,19.153
a0000611,2000611,611 Valeria (1906 VL),Valeria,N,N,9.3,57.468
a0000612,2000612,612 Veronika (1906 VN),Veronika,N,N,10.8,38.767
a0000613,2000613,613 Ginevra (1906 VP),Ginevra,N,N,9.6,81.344
a0000614,2000614,614 Pia (1906 VQ),Pia,N,N,11,29.191
a0000615,2000615,615 Roswitha (1906 VR),Roswitha,N,N,10.3,48.626
a0000616,2000616,616 Elly (1906 VT),Elly,N,N,10.6,21.17
a0000617,2000617,617 Patroclus (1906 VY),Patroclus,N,N,8.2,140.362
a0000618,2000618,618 Elfriede (1906 VZ),Elfriede,N,N,8.2,131.292
a0000619,2000619,619 Triberga (1906 WC),Triberga,N,N,9.9,29.051
a0000620,2000620,620 Drakonia (1906 WE),Drakonia,N,N,10.9,11.385
a0000621,2000621,621 Werdandi (1906 WJ),Werdandi,N,N,11,29.726
a0000622,2000622,622 Esther (1906 WP),Esther,N,N,10.3,21.874
a0000623,2000623,623 Chimaera (1907 XJ),Chimaera,N,N,10.8,44.09
a0000624,2000624,624 Hektor (1907 XM),Hektor,N,N,7.2,225
a0000625,2000625,625 Xenia (1907 XN),Xenia,N,N,9.9,28.287
a0000626,2000626,626 Notburga (1907 XO),Notburga,N,N,9.2,73.236
a0000627,2000627,627 Charis (1907 XS),Charis,N,N,9.9,38.018
a0000628,2000628,628 Christine (1907 XT),Christine,N,N,9.3,48.239
a0000629,2000629,629 Bernardina (1907 XU),Bernardina,N,N,10,35.087
a0000630,2000630,630 Euphemia (1907 XW),Euphemia,N,N,11.1,15.542
a0000631,2000631,631 Philippina (1907 YJ),Philippina,N,N,8.7,50.491
a0000632,2000632,632 Pyrrha (1907 YX),Pyrrha,N,N,11.4,14.419
a0000633,2000633,633 Zelima (1907 ZM),Zelima,N,N,10,33.387
a0000634,2000634,634 Ute (1907 ZN),Ute,N,N,9.7,74.017
a0000635,2000635,635 Vundtia (1907 ZS),Vundtia,N,N,9,94.415
a0000636,2000636,636 Erika (1907 XP),Erika,N,N,9.6,73.147
a0000637,2000637,637 Chrysothemis (1907 YE),Chrysothemis,N,N,11.6,24.194
a0000638,2000638,638 Moira (1907 ZQ),Moira,N,N,10,59.594
a0000639,2000639,639 Latona (1907 ZT),Latona,N,N,8.3,78.509
a0000640,2000640,640 Brambilla (1907 ZW),Brambilla,N,N,9.2,62.667
a0000641,2000641,641 Agnes (1907 ZX),Agnes,N,N,12.4,9.446
a0000642,2000642,642 Clara (1907 ZY),Clara,N,N,10,33.36
a0000643,2000643,643 Scheherezade (1907 ZZ),Scheherezade,N,N,9.8,64.997
a0000644,2000644,644 Cosima (1907 AA),Cosima,N,N,10.7,17.016
a0000645,2000645,645 Agrippina (1907 AG),Agrippina,N,N,9.8,28.916
a0000646,2000646,646 Kastalia (1907 AC),Kastalia,N,N,12.6,8.153
a0000647,2000647,647 Adelgunde (1907 AD),Adelgunde,N,N,11.2,9.725
a0000648,2000648,648 Pippa (1907 AE),Pippa,N,N,9.6,68.27
a0000649,2000649,649 Josefa (1907 AF),Josefa,N,N,12.7,7.726
a0000650,2000650,650 Amalasuntha (1907 AM),Amalasuntha,N,N,12.6,18.609
a0000651,2000651,651 Antikleia (1907 AN),Antikleia,N,N,10.1,31.895
a0000652,2000652,652 Jubilatrix (1907 AU),Jubilatrix,N,N,11,15.595
a0000653,2000653,653 Berenike (1907 BK),Berenike,N,N,9.3,49.793
a0000654,2000654,654 Zelinda (1908 BM),Zelinda,N,N,8.52,160.736
a0000655,2000655,655 Briseis (1907 BF),Briseis,N,N,10,29.057
a0000656,2000656,656 Beagle (1908 BU),Beagle,N,N,10.1,62.604
a0000657,2000657,657 Gunlod (1908 BV),Gunlod,N,N,11.2,39.401
a0000658,2000658,658 Asteria (1908 BW),Asteria,N,N,10.5,21.894
a0000659,2000659,659 Nestor (1908 CS),Nestor,N,N,8.7,112.32
a0000660,2000660,660 Crescentia (1908 CC),Crescentia,N,N,9.1,42.302
a0000661,2000661,661 Cloelia (1908 CL),Cloelia,N,N,9.6,40.081
a0000662,2000662,662 Newtonia (1908 CW),Newtonia,N,N,10.3,22.127
a0000663,2000663,663 Gerlinde (1908 DG),Gerlinde,N,N,9.2,107.795
a0000664,2000664,664 Judith (1908 DH),Judith,N,N,9.9,85.214
a0000665,2000665,665 Sabine (1908 DK),Sabine,N,N,8.7,51.09
a0000666,2000666,666 Desdemona (1908 DM),Desdemona,N,N,10.7,32.741
a0000667,2000667,667 Denise (1908 DN),Denise,N,N,9.4,88.63
a0000668,2000668,668 Dora (1908 DO),Dora,N,N,12,21.517
a0000669,2000669,669 Kypria (1908 DQ),Kypria,N,N,10.1,29.227
a0000670,2000670,670 Ottegebe (1908 DR),Ottegebe,N,N,9.4,35.886
a0000671,2000671,671 Carnegia (1908 DV),Carnegia,N,N,10.2,60.604
a0000672,2000672,672 Astarte (1908 DY),Astarte,N,N,11.5,35.584
a0000673,2000673,673 Edda (1908 EA),Edda,N,N,10,37.622
a0000674,2000674,674 Rachele (1908 EP),Rachele,N,N,7.6,96.171
a0000675,2000675,675 Ludmilla (1908 DU),Ludmilla,N,N,8.1,76
a0000676,2000676,676 Melitta (1909 FN),Melitta,N,N,9.4,78.369
a0000677,2000677,677 Aaltje (1909 FR),Aaltje,N,N,9.6,32.403
a0000678,2000678,678 Fredegundis (1909 FS),Fredegundis,N,N,9.2,39.585
a0000679,2000679,679 Pax (1909 FY),Pax,N,N,9.1,63.909
a0000680,2000680,680 Genoveva (1909 GW),Genoveva,N,N,9.5,83.92
a0000681,2000681,681 Gorgo (1909 GZ),Gorgo,N,N,10.7,20.39
a0000682,2000682,682 Hagar (1909 HA),Hagar,N,N,12.2,"
"
a0000683,2000683,683 Lanzia (1909 HC),Lanzia,N,N,8.7,83.04
a0000684,2000684,684 Hildburg (1909 HD),Hildburg,N,N,10.8,19.04
a0000685,2000685,685 Hermia (1909 HE),Hermia,N,N,12,10.95
a0000686,2000686,686 Gersuind (1909 HF),Gersuind,N,N,9.6,55.258
a0000687,2000687,687 Tinette (1909 HG),Tinette,N,N,11.7,21.533
a0000688,2000688,688 Melanie (1909 HH),Melanie,N,N,10.8,41.614
a0000689,2000689,689 Zita (1909 HJ),Zita,N,N,12.2,15.621
a0000690,2000690,690 Wratislavia (1909 HZ),Wratislavia,N,N,8,134.65
a0000691,2000691,691 Lehigh (1909 JG),Lehigh,N,N,9.3,79.451
a0000692,2000692,692 Hippodamia (1901 HD),Hippodamia,N,N,9,42.771
a0000693,2000693,693 Zerbinetta (1909 HN),Zerbinetta,N,N,9.5,82.114
a0000694,2000694,694 Ekard (1909 JA),Ekard,N,N,9.2,121.891
a0000695,2000695,695 Bella (1909 JB),Bella,N,N,9.1,40.62
a0000696,2000696,696 Leonora (1910 JJ),Leonora,N,N,9.5,81.58
a0000697,2000697,697 Galilea (1910 JO),Galilea,N,N,9.5,80.14
a0000698,2000698,698 Ernestina (1910 JX),Ernestina,N,N,10.9,27.037
a0000699,2000699,699 Hela (1910 KD),Hela,N,N,11.3,"
"
a0000700,2000700,700 Auravictrix (1910 KE),Auravictrix,N,N,11.1,16.421
a0000701,2000701,701 Oriola (1910 KN),Oriola,N,N,9.2,42.943
a0000702,2000702,702 Alauda (1910 KQ),Alauda,N,N,7.3,190.98
a0000703,2000703,703 Noemi (1910 KT),Noemi,N,N,12.5,7.25
a0000704,2000704,704 Interamnia (1910 KU),Interamnia,N,N,6.4,306.313
a0000705,2000705,705 Erminia (1910 KV),Erminia,N,N,8.4,132.261
a0000706,2000706,706 Hirundo (1910 KX),Hirundo,N,N,10.9,30.819
a0000707,2000707,707 Steina (1910 LD),Steina,N,N,12.1,9.003
a0000708,2000708,708 Raphaela (1911 LJ),Raphaela,N,N,10.5,21.43
a0000709,2000709,709 Fringilla (1911 LK),Fringilla,N,N,9.1,95.173
a0000710,2000710,710 Gertrud (1911 LM),Gertrud,N,N,11.1,29.208
a0000711,2000711,711 Marmulla (1911 LN),Marmulla,N,N,11.7,9.026
a0000712,2000712,712 Boliviana (1911 LO),Boliviana,N,N,8.5,124.125
a0000713,2000713,713 Luscinia (1911 LS),Luscinia,N,N,8.9,97.968
a0000714,2000714,714 Ulula (1911 LW),Ulula,N,N,9.1,41.343
a0000715,2000715,715 Transvaalia (1911 LX),Transvaalia,N,N,10,25.458
a0000716,2000716,716 Berkeley (1911 MD),Berkeley,N,N,10.7,19.768
a0000717,2000717,717 Wisibada (1911 MJ),Wisibada,N,N,10.9,27.656
a0000718,2000718,718 Erida (1911 MS),Erida,N,N,9.7,70.911
a0000719,2000719,719 Albert (1911 MT),Albert,Y,N,15.4,"
"
a0000720,2000720,720 Bohlinia (1911 MW),Bohlinia,N,N,9.6,33.73
a0000721,2000721,721 Tabora (1911 MZ),Tabora,N,N,9.3,86.309
a0000722,2000722,722 Frieda (1911 NA),Frieda,N,N,12.3,8.257
a0000723,2000723,723 Hammonia (1911 NB),Hammonia,N,N,9.9,23.456
a0000724,2000724,724 Hapag (1911 NC),Hapag,N,N,13.8,9.492
a0000725,2000725,725 Amanda (1911 ND),Amanda,N,N,11.8,23.687
a0000726,2000726,726 Joella (1911 NM),Joella,N,N,10.5,44.02
a0000727,2000727,727 Nipponia (1912 NT),Nipponia,N,N,9.6,32.17
a0000728,2000728,728 Leonisis (1912 NU),Leonisis,N,N,12.9,5.887
a0000729,2000729,729 Watsonia (1912 OD),Watsonia,N,N,9.4,50.025
a0000730,2000730,730 Athanasia (1912 OK),Athanasia,N,N,13.7,"
"
a0000731,2000731,731 Sorga (1912 OQ),Sorga,N,N,9.7,34.597
a0000732,2000732,732 Tjilaki (1912 OR),Tjilaki,N,N,10.5,29.791
a0000733,2000733,733 Mocia (1912 PF),Mocia,N,N,9.2,98.493
a0000734,2000734,734 Benda (1912 PH),Benda,N,N,9.9,67.318
a0000735,2000735,735 Marghanna (1912 PY),Marghanna,N,N,9.7,67.976
a0000736,2000736,736 Harvard (1912 PZ),Harvard,N,N,11.2,17.111
a0000737,2000737,737 Arequipa (1912 QB),Arequipa,N,N,9,47.804
a0000738,2000738,738 Alagasta (1913 QO),Alagasta,N,N,10,62.79
a0000739,2000739,739 Mandeville (1913 QR),Mandeville,N,N,8.7,104.517
a0000740,2000740,740 Cantabia (1913 QS),Cantabia,N,N,9.2,90.9
a0000741,2000741,741 Botolphia (1913 QT),Botolphia,N,N,10.1,29.64
a0000742,2000742,742 Edisona (1913 QU),Edisona,N,N,9.5,47.087
a0000743,2000743,743 Eugenisis (1913 QV),Eugenisis,N,N,10.3,51.072
a0000744,2000744,744 Aguntina (1913 QW),Aguntina,N,N,10.3,58.636
a0000745,2000745,745 Mauritia (1913 QX),Mauritia,N,N,10.5,24.711
a0000746,2000746,746 Marlu (1913 QY),Marlu,N,N,9.8,74.274
a0000747,2000747,747 Winchester (1913 QZ),Winchester,N,N,7.8,171.71
a0000748,2000748,748 Simeisa (1913 RD),Simeisa,N,N,9,103.714
a0000749,2000749,749 Malzovia (1913 RF),Malzovia,N,N,11.6,11.065
a0000750,2000750,750 Oskar (1913 RG),Oskar,N,N,12.13,22.526
a0000751,2000751,751 Faina (1913 RK),Faina,N,N,8.7,113.699
a0000752,2000752,752 Sulamitis (1913 RL),Sulamitis,N,N,10.3,60.171
a0000753,2000753,753 Tiflis (1913 RM),Tiflis,N,N,10.1,20.922
a0000754,2000754,754 Malabar (1906 UT),Malabar,N,N,9.2,94.522
a0000755,2000755,755 Quintilla (1908 CZ),Quintilla,N,N,9.7,41.21
a0000756,2000756,756 Lilliana (1908 DC),Lilliana,N,N,9.9,64.837
a0000757,2000757,757 Portlandia (1908 EJ),Portlandia,N,N,10.1,32.894
a0000758,2000758,758 Mancunia (1912 PE),Mancunia,N,N,8.4,88.985
a0000759,2000759,759 Vinifera (1913 SJ),Vinifera,N,N,10.5,52.926
a0000760,2000760,760 Massinga (1913 SL),Massinga,N,N,7.9,71.29
a0000761,2000761,761 Brendelia (1913 SO),Brendelia,N,N,10.7,20.763
a0000762,2000762,762 Pulcova (1913 SQ),Pulcova,N,N,7.9,147.343
a0000763,2000763,763 Cupido (1913 ST),Cupido,N,N,12.6,7.005
a0000764,2000764,764 Gedania (1913 SU),Gedania,N,N,9.6,58.28
a0000765,2000765,765 Mattiaca (1913 SV),Mattiaca,N,N,12.3,7.991
a0000766,2000766,766 Moguntia (1913 SW),Moguntia,N,N,9.8,41.044
a0000767,2000767,767 Bondia (1913 SX),Bondia,N,N,10.1,43.039
a0000768,2000768,768 Struveana (1913 SZ),Struveana,N,N,10.2,32.597
a0000769,2000769,769 Tatjana (1913 TA),Tatjana,N,N,9,96.72
a0000770,2000770,770 Bali (1913 TE),Bali,N,N,10.9,16.388
a0000771,2000771,771 Libera (1913 TO),Libera,N,N,10.3,29.322
a0000772,2000772,772 Tanete (1913 TR),Tanete,N,N,8.4,126.473
a0000773,2000773,773 Irmintraud (1913 TV),Irmintraud,N,N,9.1,91.672
a0000774,2000774,774 Armor (1913 TW),Armor,N,N,8.8,50.214
a0000775,2000775,775 Lumiere (1914 TX),Lumiere,N,N,10.3,31.958
a0000776,2000776,776 Berbericia (1914 TY),Berbericia,N,N,7.7,151.711
a0000777,2000777,777 Gutemberga (1914 TZ),Gutemberga,N,N,9.8,71.749
a0000778,2000778,778 Theobalda (1914 UA),Theobalda,N,N,9.7,55.317
a0000779,2000779,779 Nina (1914 UB),Nina,N,N,7.9,80.572
a0000780,2000780,780 Armenia (1914 UC),Armenia,N,N,9,126.263
a0000781,2000781,781 Kartvelia (1914 UF),Kartvelia,N,N,9.5,72.927
a0000782,2000782,782 Montefiore (1914 UK),Montefiore,N,N,11.3,14.158
a0000783,2000783,783 Nora (1914 UL),Nora,N,N,11.1,38.719
a0000784,2000784,784 Pickeringia (1914 UM),Pickeringia,N,N,9.2,75.596
a0000785,2000785,785 Zwetana (1914 UN),Zwetana,N,N,9.5,49.46
a0000786,2000786,786 Bredichina (1914 UO),Bredichina,N,N,8.9,108.309
a0000787,2000787,787 Moskva (1914 UQ),Moskva,N,N,9.7,27.927
a0000788,2000788,788 Hohensteina (1914 UR),Hohensteina,N,N,8.7,111.295
a0000789,2000789,789 Lena (1914 UU),Lena,N,N,11.3,22.483
a0000790,2000790,790 Pretoria (1912 NW),Pretoria,N,N,8.1,170.37
a0000791,2000791,791 Ani (1914 UV),Ani,N,N,9.2,116.865
a0000792,2000792,792 Metcalfia (1907 ZC),Metcalfia,N,N,10.2,61.804
a0000793,2000793,793 Arizona (1907 ZD),Arizona,N,N,10,26.636
a0000794,2000794,794 Irenaea (1914 VB),Irenaea,N,N,11.3,35.703
a0000795,2000795,795 Fini (1914 VE),Fini,N,N,10,85.263
a0000796,2000796,796 Sarita (1914 VH),Sarita,N,N,9.1,43.58
a0000797,2000797,797 Montana (1914 VR),Montana,N,N,10.4,21.197
a0000798,2000798,798 Ruth (1914 VT),Ruth,N,N,9.6,43.19
a0000799,2000799,799 Gudula (1915 WO),Gudula,N,N,10.3,47.185
a0000800,2000800,800 Kressmannia (1915 WP),Kressmannia,N,N,11.4,15.429
a0000801,2000801,801 Helwerthia (1915 WQ),Helwerthia,N,N,11.5,32.404
a0000802,2000802,802 Epyaxa (1915 WR),Epyaxa,N,N,12.8,7.423
a0000803,2000803,803 Picka (1915 WS),Picka,N,N,9.4,46.5
a0000804,2000804,804 Hispania (1915 WT),Hispania,N,N,7.9,137.952
a0000805,2000805,805 Hormuthia (1915 WW),Hormuthia,N,N,9.8,73.095
a0000806,2000806,806 Gyldenia (1915 WX),Gyldenia,N,N,10.1,83.103
a0000807,2000807,807 Ceraskia (1915 WY),Ceraskia,N,N,10.6,21.241
a0000808,2000808,808 Merxia (1901 GY),Merxia,N,N,9.8,30.923
a0000809,2000809,809 Lundia (1915 XP),Lundia,N,N,12.1,9.45
a0000810,2000810,810 Atossa (1915 XQ),Atossa,N,N,12.5,8.104
a0000811,2000811,811 Nauheima (1915 XR),Nauheima,N,N,10.7,16.105
a0000812,2000812,812 Adele (1915 XV),Adele,N,N,11.8,12.356
a0000813,2000813,813 Baumeia (1915 YR),Baumeia,N,N,11.5,11.719
a0000814,2000814,814 Tauris (1916 YT),Tauris,N,N,8.8,102.229
a0000815,2000815,815 Coppelia (1916 YU),Coppelia,N,N,10.8,16.869
a0000816,2000816,816 Juliana (1916 YV),Juliana,N,N,10.5,50.745
a0000817,2000817,817 Annika (1916 YW),Annika,N,N,10.6,22.891
a0000818,2000818,818 Kapteynia (1916 YZ),Kapteynia,N,N,9.3,64.255
a0000819,2000819,819 Barnardiana (1916 ZA),Barnardiana,N,N,11.9,8.917
a0000820,2000820,820 Adriana (1916 ZB),Adriana,N,N,10.4,58.65
a0000821,2000821,821 Fanny (1916 ZC),Fanny,N,N,11.8,28.856
a0000822,2000822,822 Lalage (1916 ZD),Lalage,N,N,12.1,8.243
a0000823,2000823,823 Sisigambis (1916 ZG),Sisigambis,N,N,11.2,14.719
a0000824,2000824,824 Anastasia (1916 ZH),Anastasia,N,N,10.2,32.457
a0000825,2000825,825 Tanina (1916 ZL),Tanina,N,N,11.4,13.423
a0000826,2000826,826 Henrika (1916 ZO),Henrika,N,N,11.6,22.556
a0000827,2000827,827 Wolfiana (1916 ZW),Wolfiana,N,N,13.1,8.488
a0000828,2000828,828 Lindemannia (1916 ZX),Lindemannia,N,N,10.3,47.891
a0000829,2000829,829 Academia (1916 ZY),Academia,N,N,11,42.685
a0000830,2000830,830 Petropolitana (1916 ZZ),Petropolitana,N,N,9.1,41.328
a0000831,2000831,831 Stateira (1916 AA),Stateira,N,N,13,7.218
a0000832,2000832,832 Karin (1916 AB),Karin,N,N,11.2,15.812
a0000833,2000833,833 Monica (1916 AC),Monica,N,N,11.1,21.99
a0000834,2000834,834 Burnhamia (1916 AD),Burnhamia,N,N,9.5,61.278
a0000835,2000835,835 Olivia (1916 AE),Olivia,N,N,11.5,30.418
a0000836,2000836,836 Jole (1916 AF),Jole,N,N,13.2,5.757
a0000837,2000837,837 Schwarzschilda (1916 AG),Schwarzschilda,N,N,12.3,5.968
a0000838,2000838,838 Seraphina (1916 AH),Seraphina,N,N,10.1,58.095
a0000839,2000839,839 Valborg (1916 AJ),Valborg,N,N,10.6,20.39
a0000840,2000840,840 Zenobia (1916 AK),Zenobia,N,N,10.1,27.306
a0000841,2000841,841 Arabella (1916 AL),Arabella,N,N,12.8,7.501
a0000842,2000842,842 Kerstin (1916 AM),Kerstin,N,N,10.6,43.576
a0000843,2000843,843 Nicolaia (1916 AN),Nicolaia,N,N,13.8,"
"
a0000844,2000844,844 Leontina (1916 AP),Leontina,N,N,9.6,42.154
a0000845,2000845,845 Naema (1916 AS),Naema,N,N,10.2,52.677
a0000846,2000846,846 Lipperta (1916 AT),Lipperta,N,N,10.3,52.41
a0000847,2000847,847 Agnia (1915 XX),Agnia,N,N,10.2,24.931
a0000848,2000848,848 Inna (1915 XS),Inna,N,N,11.2,33.027
a0000849,2000849,849 Ara (1912 NY),Ara,N,N,8.2,80.756
a0000850,2000850,850 Altona (1916 S24),Altona,N,N,9.7,80.9
a0000851,2000851,851 Zeissia (1916 S26),Zeissia,N,N,11.5,12.642
a0000852,2000852,852 Wladilena (1916 S27),Wladilena,N,N,10,26.541
a0000853,2000853,853 Nansenia (1916 S28),Nansenia,N,N,11.6,27.593
a0000854,2000854,854 Frostia (1916 S29),Frostia,N,N,12,7.839
a0000855,2000855,855 Newcombia (1916 ZP),Newcombia,N,N,11.7,12.392
a0000856,2000856,856 Backlunda (1916 S30),Backlunda,N,N,10.7,45.449
a0000857,2000857,857 Glasenappia (1916 S33),Glasenappia,N,N,11.6,14.497
a0000858,2000858,858 El Djezair (1916 a),El Djezair,N,N,10.3,22.519
a0000859,2000859,859 Bouzareah (1916 c),Bouzareah,N,N,9.7,65.417
a0000860,2000860,860 Ursina (1917 BD),Ursina,N,N,9.9,34.561
a0000861,2000861,861 Aida (1917 BE),Aida,N,N,9.7,66.85
a0000862,2000862,862 Franzia (1917 BF),Franzia,N,N,9.8,27.033
a0000863,2000863,863 Benkoela (1917 BH),Benkoela,N,N,9.1,38.724
a0000864,2000864,864 Aase (A921 SB),Aase,N,N,12.8,7.249
a0000865,2000865,865 Zubaida (1917 BO),Zubaida,N,N,11.7,17.77
a0000866,2000866,866 Fatme (1917 BQ),Fatme,N,N,9.5,78.061
a0000867,2000867,867 Kovacia (1917 BS),Kovacia,N,N,11.5,24.113
a0000868,2000868,868 Lova (1917 BU),Lova,N,N,10.3,50.692
a0000869,2000869,869 Mellena (1917 BV),Mellena,N,N,11.9,21.193
a0000870,2000870,870 Manto (1917 BX),Manto,N,N,11.7,13.683
a0000871,2000871,871 Amneris (1917 BY),Amneris,N,N,12.6,8.011
a0000872,2000872,872 Holda (1917 BZ),Holda,N,N,10.1,34.431
a0000873,2000873,873 Mechthild (1917 CA),Mechthild,N,N,11.4,34.471
a0000874,2000874,874 Rotraut (1917 CC),Rotraut,N,N,10.1,58.287
a0000875,2000875,875 Nymphe (1917 CF),Nymphe,N,N,11.2,14.107
a0000876,2000876,876 Scott (1917 CH),Scott,N,N,10.9,22.42
a0000877,2000877,877 Walkure (1915 S7),Walkure,N,N,10.9,38.41
a0000878,2000878,878 Mildred (1916 f),Mildred,N,N,14.7,2.529
a0000879,2000879,879 Ricarda (1917 CJ),Ricarda,N,N,11,18.312
a0000880,2000880,880 Herba (1917 CK),Herba,N,N,11.3,32.329
a0000881,2000881,881 Athene (1917 CL),Athene,N,N,11.8,12.153
a0000882,2000882,882 Swetlana (1917 CM),Swetlana,N,N,10.6,42.44
a0000883,2000883,883 Matterania (1917 CP),Matterania,N,N,12.6,7.036
a0000884,2000884,884 Priamus (1917 CQ),Priamus,N,N,8.7,101.093
a0000885,2000885,885 Ulrike (1917 CX),Ulrike,N,N,10.7,30.537
a0000886,2000886,886 Washingtonia (1917 b),Washingtonia,N,N,9.3,86.793
a0000887,2000887,887 Alinda (1918 DB),Alinda,Y,N,13.8,4.2
a0000888,2000888,888 Parysatis (1918 DC),Parysatis,N,N,9.4,44.749
a0000889,2000889,889 Erynia (1918 DG),Erynia,N,N,10.9,16.682
a0000890,2000890,890 Waltraut (1918 DK),Waltraut,N,N,10.5,28.376
a0000891,2000891,891 Gunhild (1918 DQ),Gunhild,N,N,10,55.747
a0000892,2000892,892 Seeligeria (1918 DR),Seeligeria,N,N,9.7,74.481
a0000893,2000893,893 Leopoldina (1918 DS),Leopoldina,N,N,9.6,85.992
a0000894,2000894,894 Erda (1918 DT),Erda,N,N,9.7,28.309
a0000895,2000895,895 Helio (1918 DU),Helio,N,N,8.4,109.568
a0000896,2000896,896 Sphinx (1918 DV),Sphinx,N,N,11.6,11.974
a0000897,2000897,897 Lysistrata (1918 DZ),Lysistrata,N,N,10.3,24.337
a0000898,2000898,898 Hildegard (1918 EA),Hildegard,N,N,11.7,11.693
a0000899,2000899,899 Jokaste (1918 EB),Jokaste,N,N,10.1,31.018
a0000900,2000900,900 Rosalinde (1918 EC),Rosalinde,N,N,11.6,19.618
a0000901,2000901,901 Brunsia (1918 EE),Brunsia,N,N,11.6,13.21
a0000902,2000902,902 Probitas (1918 EJ),Probitas,N,N,12.1,8.552
a0000903,2000903,903 Nealley (1918 EM),Nealley,N,N,10.1,58.065
a0000904,2000904,904 Rockefellia (1918 EO),Rockefellia,N,N,10.4,49.146
a0000905,2000905,905 Universitas (1918 ES),Universitas,N,N,11.6,12.07
a0000906,2000906,906 Repsolda (1918 ET),Repsolda,N,N,9.4,65.752
a0000907,2000907,907 Rhoda (1918 EU),Rhoda,N,N,9.7,82.66
a0000908,2000908,908 Buda (1918 EX),Buda,N,N,10.8,30.749
a0000909,2000909,909 Ulla (1919 FA),Ulla,N,N,8.8,116.44
a0000910,2000910,910 Anneliese (1919 FB),Anneliese,N,N,10.5,48.59
a0000911,2000911,911 Agamemnon (1919 FD),Agamemnon,N,N,7.9,131.038
a0000912,2000912,912 Maritima (1919 FJ),Maritima,N,N,9.3,82.675
a0000913,2000913,913 Otila (1919 FL),Otila,N,N,12,11.636
a0000914,2000914,914 Palisana (1919 FN),Palisana,N,N,9.2,76.19
a0000915,2000915,915 Cosette (1918 b),Cosette,N,N,11.6,11.699
a0000916,2000916,916 America (1915 S1),America,N,N,11.5,33.23
a0000917,2000917,917 Lyka (1915 S4),Lyka,N,N,11.6,34.878
a0000918,2000918,918 Itha (1919 FR),Itha,N,N,10.6,21.561
a0000919,2000919,919 Ilsebill (1918 EQ),Ilsebill,N,N,11.4,33.5
a0000920,2000920,920 Rogeria (1919 FT),Rogeria,N,N,11.3,26.656
a0000921,2000921,921 Jovita (1919 FV),Jovita,N,N,10,55.312
a0000922,2000922,922 Schlutia (1919 FW),Schlutia,N,N,12.1,19.228
a0000923,2000923,923 Herluga (1919 GB),Herluga,N,N,11.5,34.553
a0000924,2000924,924 Toni (1919 GC),Toni,N,N,9.4,85.49
a0000925,2000925,925 Alphonsina (1920 GM),Alphonsina,N,N,8.4,57.505
a0000926,2000926,926 Imhilde (1920 GN),Imhilde,N,N,10.5,48.48
a0000927,2000927,927 Ratisbona (1920 GO),Ratisbona,N,N,9.3,75.892
a0000928,2000928,928 Hildrun (1920 GP),Hildrun,N,N,10,62.817
a0000929,2000929,929 Algunde (1920 GR),Algunde,N,N,11.7,11.443
a0000930,2000930,930 Westphalia (1920 GS),Westphalia,N,N,11.2,34.922
a0000931,2000931,931 Whittemora (1920 GU),Whittemora,N,N,9.3,45.298
a0000932,2000932,932 Hooveria (1920 GV),Hooveria,N,N,10,58.978
a0000933,2000933,933 Susi (1927 CH),Susi,N,N,12.4,21.82
a0000934,2000934,934 Thuringia (1920 HK),Thuringia,N,N,10.1,53.714
a0000935,2000935,935 Clivia (1920 HM),Clivia,N,N,12.8,6.411
a0000936,2000936,936 Kunigunde (1920 HN),Kunigunde,N,N,10.4,43.227
a0000937,2000937,937 Bethgea (1920 HO),Bethgea,N,N,11.8,11.383
a0000938,2000938,938 Chlosinde (1920 HQ),Chlosinde,N,N,11.3,33.466
a0000939,2000939,939 Isberga (1920 HR),Isberga,N,N,12,10.39
a0000940,2000940,940 Kordula (1920 HT),Kordula,N,N,9.2,79.852
a0000941,2000941,941 Murray (1920 HV),Murray,N,N,11.5,18.217
a0000942,2000942,942 Romilda (1920 HW),Romilda,N,N,11,36.772
a0000943,2000943,943 Begonia (1920 HX),Begonia,N,N,9.8,70.572
a0000944,2000944,944 Hidalgo (1920 HZ),Hidalgo,N,N,10.7,38
a0000945,2000945,945 Barcelona (1921 JB),Barcelona,N,N,10,25.618
a0000946,2000946,946 Poesia (1921 JC),Poesia,N,N,10.6,36.21
a0000947,2000947,947 Monterosa (1921 JD),Monterosa,N,N,9.9,26.06
a0000948,2000948,948 Jucunda (1921 JE),Jucunda,N,N,11.4,17.331
a0000949,2000949,949 Hel (1921 JK),Hel,N,N,9.8,63.494
a0000950,2000950,950 Ahrensa (1921 JP),Ahrensa,N,N,11.2,13.704
a0000951,2000951,951 Gaspra (1916 S45),Gaspra,N,N,11.5,12.2
a0000952,2000952,952 Caia (1916 S61),Caia,N,N,9.3,88.692
a0000953,2000953,953 Painleva (1921 JT),Painleva,N,N,10,24.062
a0000954,2000954,954 Li (1921 JU),Li,N,N,10.2,58.771
a0000955,2000955,955 Alstede (1921 JV),Alstede,N,N,10.8,17.33
a0000956,2000956,956 Elisa (1921 JW),Elisa,N,N,12.1,10.474
a0000957,2000957,957 Camelia (1921 JX),Camelia,N,N,9.9,91.548
a0000958,2000958,958 Asplinda (1921 KC),Asplinda,N,N,10.4,45.112
a0000959,2000959,959 Arne (1921 KF),Arne,N,N,10.7,45.176
a0000960,2000960,960 Birgit (1921 KH),Birgit,N,N,12.4,7.506
a0000961,2000961,961 Gunnie (1921 KM),Gunnie,N,N,11.5,36.571
a0000962,2000962,962 Aslog (1921 KP),Aslog,N,N,11.3,"
"
a0000963,2000963,963 Iduberga (1921 KR),Iduberga,N,N,12.2,9.008
a0000964,2000964,964 Subamara (1921 KS),Subamara,N,N,10.8,19.835
a0000965,2000965,965 Angelica (1921 KT),Angelica,N,N,10.2,60.857
a0000966,2000966,966 Muschi (1921 KU),Muschi,N,N,9.9,25.509
a0000967,2000967,967 Helionape (1921 KV),Helionape,N,N,11.8,10.216
a0000968,2000968,968 Petunia (1921 KW),Petunia,N,N,10.2,24.422
a0000969,2000969,969 Leocadia (1921 KZ),Leocadia,N,N,12.8,17.321
a0000970,2000970,970 Primula (1921 LB),Primula,N,N,12.3,9.204
a0000971,2000971,971 Alsatia (1921 LF),Alsatia,N,N,10.1,60.867
a0000972,2000972,972 Cohnia (1922 LK),Cohnia,N,N,9.6,77.827
a0000973,2000973,973 Aralia (1922 LR),Aralia,N,N,10.1,51.609
a0000974,2000974,974 Lioba (1922 LS),Lioba,N,N,10.4,25.001
a0000975,2000975,975 Perseverantia (1922 LT),Perseverantia,N,N,10.5,22.169
a0000976,2000976,976 Benjamina (1922 LU),Benjamina,N,N,9.3,83.195
a0000977,2000977,977 Philippa (1922 LV),Philippa,N,N,9.9,65.471
a0000978,2000978,978 Aidamina (1922 LY),Aidamina,N,N,9.6,92.105
a0000979,2000979,979 Ilsewa (1922 MC),Ilsewa,N,N,9.7,35.741
a0000980,2000980,980 Anacostia (1921 W19),Anacostia,N,N,7.8,74.679
a0000981,2000981,981 Martina (1917 S92),Martina,N,N,10.9,32.545
a0000982,2000982,982 Franklina (1922 MD),Franklina,N,N,9.9,33.227
a0000983,2000983,983 Gunila (1922 ME),Gunila,N,N,9.4,73.87
a0000984,2000984,984 Gretia (1922 MH),Gretia,N,N,9.5,32.449
a0000985,2000985,985 Rosina (1922 MO),Rosina,N,N,12.7,"
"
a0000986,2000986,986 Amelia (1922 MQ),Amelia,N,N,9.4,48.677
a0000987,2000987,987 Wallia (1922 MR),Wallia,N,N,9.5,52.651
a0000988,2000988,988 Appella (1922 MT),Appella,N,N,11.6,20.431
a0000989,2000989,989 Schwassmannia (1922 MW),Schwassmannia,N,N,11.8,12.63
a0000990,2000990,990 Yerkes (1922 MZ),Yerkes,N,N,11.8,21.428
a0000991,2000991,991 McDonalda (1922 NB),McDonalda,N,N,11.2,38.556
a0000992,2000992,992 Swasey (1922 ND),Swasey,N,N,10.6,27.585
a0000993,2000993,993 Moultona (1923 NJ),Moultona,N,N,11.4,12.433
a0000994,2000994,994 Otthild (1923 NL),Otthild,N,N,10.2,20.786
a0000995,2000995,995 Sternberga (1923 NP),Sternberga,N,N,10.2,20.222
a0000996,2000996,996 Hilaritas (1923 NM),Hilaritas,N,N,11.2,29.128
a0000997,2000997,997 Priska (1923 NR),Priska,N,N,12.6,20.391
a0000998,2000998,998 Bodea (1923 NU),Bodea,N,N,11.5,31.761
a0000999,2000999,999 Zachia (1923 NW),Zachia,N,N,10.9,16.848
a0001000,2001000,1000 Piazzia (1923 NZ),Piazzia,N,N,10.6,47.78
